{
  "ResNet50-ImageNet": {
    "accuracy": {
      "mean": 0.993234100135318,
      "std": 0.0,
      "min": 0.993234100135318,
      "max": 0.993234100135318,
      "values": [
        0.993234100135318
      ]
    },
    "precision": {
      "mean": 1.0,
      "std": 0.0,
      "min": 1.0,
      "max": 1.0,
      "values": [
        1.0
      ]
    },
    "recall": {
      "mean": 0.9901574803149606,
      "std": 0.0,
      "min": 0.9901574803149606,
      "max": 0.9901574803149606,
      "values": [
        0.9901574803149606
      ]
    },
    "f1": {
      "mean": 0.9950544015825915,
      "std": 0.0,
      "min": 0.9950544015825915,
      "max": 0.9950544015825915,
      "values": [
        0.9950544015825915
      ]
    },
    "auc_roc": {
      "mean": 0.9999744350138051,
      "std": 0.0,
      "min": 0.9999744350138051,
      "max": 0.9999744350138051,
      "values": [
        0.9999744350138051
      ]
    },
    "training_time": {
      "mean": 2419.1361236572266,
      "std": 0.0,
      "min": 2419.1361236572266,
      "max": 2419.1361236572266,
      "total": 2419.1361236572266,
      "values": [
        2419.1361236572266
      ]
    },
    "avg_epoch_time": {
      "mean": 65.17009258914638,
      "std": 0.0,
      "min": 65.17009258914638,
      "max": 65.17009258914638,
      "values": [
        65.17009258914638
      ]
    },
    "inference_time": {
      "mean": 7.566480398178101,
      "std": 0.0,
      "min": 7.566480398178101,
      "max": 7.566480398178101,
      "values": [
        7.566480398178101
      ]
    },
    "time_per_sample_ms": {
      "mean": 10.238809740430447,
      "std": 0.0,
      "min": 10.238809740430447,
      "max": 10.238809740430447,
      "values": [
        10.238809740430447
      ]
    },
    "num_test_samples": 739,
    "final_val_loss": {
      "mean": 0.005252196576661167,
      "std": 0.0,
      "values": [
        0.005252196576661167
      ]
    }
  },
  "CheXpert": {
    "accuracy": {
      "mean": 0.7374830852503383,
      "std": 0.0,
      "min": 0.7374830852503383,
      "max": 0.7374830852503383,
      "values": [
        0.7374830852503383
      ]
    },
    "precision": {
      "mean": 0.8634259259259259,
      "std": 0.0,
      "min": 0.8634259259259259,
      "max": 0.8634259259259259,
      "values": [
        0.8634259259259259
      ]
    },
    "recall": {
      "mean": 0.734251968503937,
      "std": 0.0,
      "min": 0.734251968503937,
      "max": 0.734251968503937,
      "values": [
        0.734251968503937
      ]
    },
    "f1": {
      "mean": 0.7936170212765956,
      "std": 0.0,
      "min": 0.7936170212765956,
      "max": 0.7936170212765956,
      "values": [
        0.7936170212765956
      ]
    },
    "auc_roc": {
      "mean": 0.8186590312574564,
      "std": 0.0,
      "min": 0.8186590312574564,
      "max": 0.8186590312574564,
      "values": [
        0.8186590312574564
      ]
    },
    "training_time": {
      "mean": 3421.9211707115173,
      "std": 0.0,
      "min": 3421.9211707115173,
      "max": 3421.9211707115173,
      "total": 3421.9211707115173,
      "values": [
        3421.9211707115173
      ]
    },
    "avg_epoch_time": {
      "mean": 68.19854254245757,
      "std": 0.0,
      "min": 68.19854254245757,
      "max": 68.19854254245757,
      "values": [
        68.19854254245757
      ]
    },
    "inference_time": {
      "mean": 7.702094554901123,
      "std": 0.0,
      "min": 7.702094554901123,
      "max": 7.702094554901123,
      "values": [
        7.702094554901123
      ]
    },
    "time_per_sample_ms": {
      "mean": 10.4223201013547,
      "std": 0.0,
      "min": 10.4223201013547,
      "max": 10.4223201013547,
      "values": [
        10.4223201013547
      ]
    },
    "num_test_samples": 739,
    "final_val_loss": {
      "mean": 0.5307867070461841,
      "std": 0.0,
      "values": [
        0.5307867070461841
      ]
    }
  }
}