,RelevanceRankAccuracy,PositiveAttributionRatio
Saliency,0.17998117028988278,0.21293503046035767
IntegratedGradients,0.1396916756143625,0.1303969919681549
GradientShap,0.13976783036906304,0.12506003677845
GradCAM,0.12503757770047677,0.14015747606754303
FeaturePermutation,0.17972545949330382,0.19784247303022617
