,RelevanceRankAccuracy,PositiveAttributionRatio
Saliency,0.3541827367674432,0.37574246525764465
IntegratedGradients,0.3601461276248554,0.40464943647384644
GradientShap,0.3570311823485476,0.39873412251472473
GradCAM,0.4089464283856512,0.3849256932735443
FeaturePermutation,0.3084530330238091,0.30466215979411476
