,RelevanceRankAccuracy,PositiveAttributionRatio
Saliency,0.20410632711911847,0.22484256327152252
IntegratedGradients,0.19677369347398763,0.23781798779964447
GradientShap,0.19384981435642806,0.23380927741527557
GradCAM,0.19396441220651264,0.17640922963619232
FeaturePermutation,0.21333295510468603,0.22042469982364324
