,RelevanceRankAccuracy,PositiveAttributionRatio
Saliency,0.23258437392773237,0.2822062373161316
IntegratedGradients,0.17601671182374,0.21889333426952362
GradientShap,0.17897065302205803,0.21935375034809113
GradCAM,0.17657722523250208,0.18035051226615906
FeaturePermutation,0.26338408561716065,0.2811392548707888
