,RelevanceRankAccuracy,PositiveAttributionRatio
Saliency,0.3519223703960987,0.4181123375892639
IntegratedGradients,0.3428734907415529,0.4174743592739105
GradientShap,0.3386420988338068,0.41128531098365784
GradCAM,0.3731705087967672,0.3593340218067169
FeaturePermutation,0.32351539679596364,0.376014579928401
