,RelevanceRankAccuracy,PositiveAttributionRatio
Saliency,0.015475580650588521,0.015506230294704437
IntegratedGradients,0.014834546391819216,0.014367789961397648
GradientShap,0.013995744297671421,0.013940286822617054
GradCAM,0.008841449241435114,0.013602303341031075
FeaturePermutation,0.006758252844237304,0.011138736598969023
