,RelevanceRankAccuracy,PositiveAttributionRatio
Saliency,0.019790969171572515,0.019610943272709846
IntegratedGradients,0.015089907834564114,0.015790631994605064
GradientShap,0.014878472007979532,0.01609816588461399
GradCAM,0.013302503591924869,0.01308961771428585
FeaturePermutation,0.00403120540580414,0.010620736863037987
