,RelevanceRankAccuracy,PositiveAttributionRatio
Saliency,0.1671915811758187,0.17007404565811157
IntegratedGradients,0.12125163666524628,0.1081562265753746
GradientShap,0.12035683609162104,0.10424073040485382
GradCAM,0.26251057512540116,0.2092001736164093
FeaturePermutation,0.296867840459057,0.2707390241131922
