,RelevanceRankAccuracy,PositiveAttributionRatio
Saliency,0.3380476726415742,0.3577672839164734
IntegratedGradients,0.33227705026980753,0.3595467507839203
GradientShap,0.3320125852221061,0.36192187666893005
GradCAM,0.36957640134668696,0.3509867787361145
FeaturePermutation,0.3404192322539287,0.362364623472112
