,RelevanceRankAccuracy,PositiveAttributionRatio
Saliency,0.20795443541295458,0.21492160856723785
IntegratedGradients,0.16866804114438647,0.1764392852783203
GradientShap,0.1687982528914391,0.176663339138031
GradCAM,0.21435527447644476,0.1919412463903427
FeaturePermutation,0.18069058471947969,0.18736271736261195
