,RelevanceRankAccuracy,PositiveAttributionRatio
Saliency,0.3562219505965537,0.4083299934864044
IntegratedGradients,0.3583309567099675,0.4228977859020233
GradientShap,0.3567217897005529,0.4184839725494385
GradCAM,0.4037208351298509,0.3849281966686249
FeaturePermutation,0.32833133280709065,0.3696028766461524
