,RelevanceRankAccuracy,PositiveAttributionRatio
Saliency,0.17401727840631864,0.16273953020572662
IntegratedGradients,0.14327903249253304,0.13517378270626068
GradientShap,0.14127194715844202,0.13196535408496857
GradCAM,0.2081976640976019,0.18112415075302124
FeaturePermutation,0.21511599819930796,0.2042693380295475
