,RelevanceRankAccuracy,PositiveAttributionRatio
Saliency,0.3606429912114946,0.40815743803977966
IntegratedGradients,0.351607389595697,0.40754440426826477
GradientShap,0.35390628655643724,0.41278550028800964
GradCAM,0.3811792308998358,0.3618525266647339
FeaturePermutation,0.3192628912963042,0.3543234599293868
