,RelevanceRankAccuracy,PositiveAttributionRatio
Saliency,0.36143300697724656,0.40775054693222046
IntegratedGradients,0.35059694667896385,0.41074660420417786
GradientShap,0.349403170259233,0.40548035502433777
GradCAM,0.48408921046382686,0.4802047312259674
FeaturePermutation,0.36809200092553696,0.40640408853248755
