,RelevanceRankAccuracy,PositiveAttributionRatio
Saliency,0.1653267427087676,0.1820290982723236
IntegratedGradients,0.1649339672641454,0.16890496015548706
GradientShap,0.15468486192559555,0.15839789807796478
GradCAM,0.22226146013286288,0.16894081234931946
FeaturePermutation,0.18616250167964424,0.17567377010711904
