,RelevanceRankAccuracy,PositiveAttributionRatio
Saliency,0.18973573635699315,0.2109101116657257
IntegratedGradients,0.1459652356861844,0.1631883680820465
GradientShap,0.14566216991425698,0.16302186250686646
GradCAM,0.19696730181547198,0.18917188048362732
FeaturePermutation,0.27806398969912366,0.24142885145050375
