,RelevanceRankAccuracy,PositiveAttributionRatio
Saliency,0.35144627773980774,0.42371711134910583
IntegratedGradients,0.3515086014544261,0.4355064034461975
GradientShap,0.34667625667289154,0.42481324076652527
GradCAM,0.32946321038289583,0.3302871584892273
FeaturePermutation,0.32720137686495376,0.3290705823163026
