,RelevanceRankAccuracy,PositiveAttributionRatio
Saliency,0.33784667980424143,0.3552703857421875
IntegratedGradients,0.3309319609468247,0.3549755811691284
GradientShap,0.3281381896303728,0.3471226394176483
GradCAM,0.3646046345790907,0.3330281972885132
FeaturePermutation,0.33855163820242695,0.33209702432568156
