{
  "ResNet50-ImageNet": {
    "0": {
      "seed": 51,
      "metrics": {
        "accuracy": 0.9986468200270636,
        "precision": 0.9979633401221996,
        "recall": 1.0,
        "f1": 0.9989806320081549,
        "auc_roc": 0.9999344316039669,
        "inference_time": 6.85697078704834,
        "time_per_sample_ms": 9.278715544043761,
        "num_test_samples": 739
      },
      "training_time": 1859.552190542221,
      "avg_epoch_time": 66.15699724640164,
      "final_val_loss": 0.014312536885436784
    },
    "1": {
      "seed": 92,
      "metrics": {
        "accuracy": 0.9959404600811907,
        "precision": 0.9979879275653923,
        "recall": 0.9959839357429718,
        "f1": 0.9969849246231156,
        "auc_roc": 0.9999750037494376,
        "inference_time": 7.428097724914551,
        "time_per_sample_ms": 10.05155307836881,
        "num_test_samples": 739
      },
      "training_time": 1728.0575201511383,
      "avg_epoch_time": 66.14703417741336,
      "final_val_loss": 0.0075043740758469245
    }
  },
  "CheXpert": {
    "0": {
      "seed": 51,
      "metrics": {
        "accuracy": 0.790257104194858,
        "precision": 0.8681318681318682,
        "recall": 0.8061224489795918,
        "f1": 0.8359788359788359,
        "auc_roc": 0.8564298008359972,
        "inference_time": 6.9240992069244385,
        "time_per_sample_ms": 9.369552377434966,
        "num_test_samples": 739
      },
      "training_time": 3559.2570798397064,
      "avg_epoch_time": 70.86653117656708,
      "final_val_loss": 0.5188282125807823
    },
    "1": {
      "seed": 92,
      "metrics": {
        "accuracy": 0.7550744248985115,
        "precision": 0.8594104308390023,
        "recall": 0.7610441767068273,
        "f1": 0.807241746538871,
        "auc_roc": 0.8175107067273243,
        "inference_time": 7.319701671600342,
        "time_per_sample_ms": 9.904873709878677,
        "num_test_samples": 739
      },
      "training_time": 3514.7746212482452,
      "avg_epoch_time": 70.02744320869446,
      "final_val_loss": 0.516517161688906
    }
  }
}