{
  "ResNet18": {
    "0": {
      "seed": 51,
      "metrics": {
        "accuracy": 0.8944519621109608,
        "precision": 0.9345991561181435,
        "recall": 0.9040816326530612,
        "f1": 0.9190871369294605,
        "auc_roc": 0.9608556675682322,
        "inference_time": 6.591407775878906,
        "time_per_sample_ms": 8.919360995776598,
        "num_test_samples": 739
      },
      "training_time": 1387.75115609169,
      "avg_epoch_time": 62.86444514447992,
      "final_val_loss": 0.2982050968294448
    },
    "1": {
      "seed": 92,
      "metrics": {
        "accuracy": 0.8876860622462788,
        "precision": 0.9726651480637813,
        "recall": 0.857429718875502,
        "f1": 0.9114194236926361,
        "auc_roc": 0.9662883900748221,
        "inference_time": 7.074687480926514,
        "time_per_sample_ms": 9.573325413973633,
        "num_test_samples": 739
      },
      "training_time": 2130.9426448345184,
      "avg_epoch_time": 62.49478042125702,
      "final_val_loss": 0.21216075542442342
    }
  },
  "ResNet34": {
    "0": {
      "seed": 51,
      "metrics": {
        "accuracy": 0.918809201623816,
        "precision": 0.9653679653679653,
        "recall": 0.9102040816326531,
        "f1": 0.9369747899159664,
        "auc_roc": 0.981370379477092,
        "inference_time": 6.814166307449341,
        "time_per_sample_ms": 9.220793379498431,
        "num_test_samples": 739
      },
      "training_time": 3169.2608954906464,
      "avg_epoch_time": 64.39764071970569,
      "final_val_loss": 0.22025005103267253
    },
    "1": {
      "seed": 92,
      "metrics": {
        "accuracy": 0.8592692828146143,
        "precision": 0.9497716894977168,
        "recall": 0.8353413654618473,
        "f1": 0.8888888888888888,
        "auc_roc": 0.9434418170607741,
        "inference_time": 7.134751319885254,
        "time_per_sample_ms": 9.654602597950277,
        "num_test_samples": 739
      },
      "training_time": 1672.6512100696564,
      "avg_epoch_time": 64.10982231910413,
      "final_val_loss": 0.26733664962205483
    }
  },
  "ResNet50": {
    "0": {
      "seed": 51,
      "metrics": {
        "accuracy": 0.9161028416779432,
        "precision": 0.928,
        "recall": 0.9469387755102041,
        "f1": 0.9373737373737374,
        "auc_roc": 0.9763625932300631,
        "inference_time": 6.719005346298218,
        "time_per_sample_ms": 9.092023472663353,
        "num_test_samples": 739
      },
      "training_time": 2559.5599324703217,
      "avg_epoch_time": 66.97164161581742,
      "final_val_loss": 0.24072679758388946
    },
    "1": {
      "seed": 92,
      "metrics": {
        "accuracy": 0.8876860622462788,
        "precision": 0.9560439560439561,
        "recall": 0.8734939759036144,
        "f1": 0.9129066107030431,
        "auc_roc": 0.9509240280624572,
        "inference_time": 7.20063042640686,
        "time_per_sample_ms": 9.743748885530257,
        "num_test_samples": 739
      },
      "training_time": 2142.5157363414764,
      "avg_epoch_time": 66.63838791847229,
      "final_val_loss": 0.23206427645810107
    }
  },
  "ResNet101": {
    "0": {
      "seed": 51,
      "metrics": {
        "accuracy": 0.939106901217862,
        "precision": 0.9704016913319239,
        "recall": 0.936734693877551,
        "f1": 0.9532710280373832,
        "auc_roc": 0.984025899516433,
        "inference_time": 7.030864715576172,
        "time_per_sample_ms": 9.514025325542857,
        "num_test_samples": 739
      },
      "training_time": 3580.1253910064697,
      "avg_epoch_time": 71.075689702034,
      "final_val_loss": 0.19210467630244316
    },
    "1": {
      "seed": 92,
      "metrics": {
        "accuracy": 0.8322056833558863,
        "precision": 0.9118942731277533,
        "recall": 0.8313253012048193,
        "f1": 0.8697478991596639,
        "auc_roc": 0.9108550384109051,
        "inference_time": 7.368211269378662,
        "time_per_sample_ms": 9.970515926087499,
        "num_test_samples": 739
      },
      "training_time": 1568.9848022460938,
      "avg_epoch_time": 70.93321079557592,
      "final_val_loss": 0.3333723649699637
    }
  },
  "DenseNet121": {
    "0": {
      "seed": 51,
      "metrics": {
        "accuracy": 0.8958051420838972,
        "precision": 0.927536231884058,
        "recall": 0.9142857142857143,
        "f1": 0.920863309352518,
        "auc_roc": 0.9689943447258421,
        "inference_time": 7.009713888168335,
        "time_per_sample_ms": 9.485404449483537,
        "num_test_samples": 739
      },
      "training_time": 1894.9367175102234,
      "avg_epoch_time": 72.68383943117581,
      "final_val_loss": 0.2573356832120013
    },
    "1": {
      "seed": 92,
      "metrics": {
        "accuracy": 0.9242219215155616,
        "precision": 0.9510204081632653,
        "recall": 0.9357429718875502,
        "f1": 0.9433198380566801,
        "auc_roc": 0.9771617590694729,
        "inference_time": 7.2994701862335205,
        "time_per_sample_ms": 9.877496869057538,
        "num_test_samples": 739
      },
      "training_time": 2474.9323546886444,
      "avg_epoch_time": 72.64085204461041,
      "final_val_loss": 0.15580925112590194
    }
  },
  "DenseNet169": {
    "0": {
      "seed": 51,
      "metrics": {
        "accuracy": 0.9296346414073072,
        "precision": 0.9543568464730291,
        "recall": 0.9387755102040817,
        "f1": 0.9465020576131689,
        "auc_roc": 0.9830997459224654,
        "inference_time": 7.227041006088257,
        "time_per_sample_ms": 9.779487153028764,
        "num_test_samples": 739
      },
      "training_time": 2336.640261411667,
      "avg_epoch_time": 77.55610117117564,
      "final_val_loss": 0.21014826205816675
    },
    "1": {
      "seed": 92,
      "metrics": {
        "accuracy": 0.9066305818673883,
        "precision": 0.9693654266958425,
        "recall": 0.8895582329317269,
        "f1": 0.9277486910994764,
        "auc_roc": 0.9689629888850005,
        "inference_time": 7.873558759689331,
        "time_per_sample_ms": 10.654342029349568,
        "num_test_samples": 739
      },
      "training_time": 2959.46679520607,
      "avg_epoch_time": 77.58582030472003,
      "final_val_loss": 0.15980263002850909
    }
  },
  "DenseNet201": {
    "0": {
      "seed": 51,
      "metrics": {
        "accuracy": 0.7144790257104194,
        "precision": 0.8079470198675497,
        "recall": 0.746938775510204,
        "f1": 0.7762460233297984,
        "auc_roc": 0.7788378001803131,
        "inference_time": 7.264318227767944,
        "time_per_sample_ms": 9.829929942852427,
        "num_test_samples": 739
      },
      "training_time": 895.9385335445404,
      "avg_epoch_time": 81.0535120530562,
      "final_val_loss": 0.6357689461809524
    }
  },
  "ResNet50-ImageNet": {
    "0": {
      "seed": 51,
      "metrics": {
        "accuracy": 0.9566982408660352,
        "precision": 0.9790794979079498,
        "recall": 0.9551020408163265,
        "f1": 0.9669421487603306,
        "auc_roc": 0.9922137529710681,
        "inference_time": 6.87847113609314,
        "time_per_sample_ms": 9.307809385782326,
        "num_test_samples": 739
      },
      "training_time": 471.5912356376648,
      "avg_epoch_time": 67.07167564119611,
      "final_val_loss": 0.0976734181192327
    }
  },
  "CheXpert": {
    "0": {
      "seed": 51,
      "metrics": {
        "accuracy": 0.9404600811907984,
        "precision": 0.972457627118644,
        "recall": 0.936734693877551,
        "f1": 0.9542619542619543,
        "auc_roc": 0.9802966969920498,
        "inference_time": 6.894805192947388,
        "time_per_sample_ms": 9.3299123043943,
        "num_test_samples": 739
      },
      "training_time": 1601.029179573059,
      "avg_epoch_time": 72.53873127157038,
      "final_val_loss": 0.22701575004674018
    }
  }
}