{
  "ResNet18": {
    "0": {
      "seed": 51,
      "metrics": {
        "accuracy": 0.8944519621109608,
        "precision": 0.9345991561181435,
        "recall": 0.9040816326530612,
        "f1": 0.9190871369294605,
        "auc_roc": 0.9608556675682322,
        "inference_time": 6.591407775878906,
        "time_per_sample_ms": 8.919360995776598,
        "num_test_samples": 739
      },
      "training_time": 1387.75115609169,
      "avg_epoch_time": 62.86444514447992,
      "final_val_loss": 0.2982050968294448
    }
  },
  "ResNet34": {
    "0": {
      "seed": 51,
      "metrics": {
        "accuracy": 0.918809201623816,
        "precision": 0.9653679653679653,
        "recall": 0.9102040816326531,
        "f1": 0.9369747899159664,
        "auc_roc": 0.981370379477092,
        "inference_time": 6.814166307449341,
        "time_per_sample_ms": 9.220793379498431,
        "num_test_samples": 739
      },
      "training_time": 3169.2608954906464,
      "avg_epoch_time": 64.39764071970569,
      "final_val_loss": 0.22025005103267253
    }
  },
  "ResNet50": {
    "0": {
      "seed": 51,
      "metrics": {
        "accuracy": 0.9161028416779432,
        "precision": 0.928,
        "recall": 0.9469387755102041,
        "f1": 0.9373737373737374,
        "auc_roc": 0.9763625932300631,
        "inference_time": 6.719005346298218,
        "time_per_sample_ms": 9.092023472663353,
        "num_test_samples": 739
      },
      "training_time": 2559.5599324703217,
      "avg_epoch_time": 66.97164161581742,
      "final_val_loss": 0.24072679758388946
    }
  },
  "ResNet101": {
    "0": {
      "seed": 51,
      "metrics": {
        "accuracy": 0.939106901217862,
        "precision": 0.9704016913319239,
        "recall": 0.936734693877551,
        "f1": 0.9532710280373832,
        "auc_roc": 0.984025899516433,
        "inference_time": 7.030864715576172,
        "time_per_sample_ms": 9.514025325542857,
        "num_test_samples": 739
      },
      "training_time": 3580.1253910064697,
      "avg_epoch_time": 71.075689702034,
      "final_val_loss": 0.19210467630244316
    }
  },
  "DenseNet121": {
    "0": {
      "seed": 51,
      "metrics": {
        "accuracy": 0.8958051420838972,
        "precision": 0.927536231884058,
        "recall": 0.9142857142857143,
        "f1": 0.920863309352518,
        "auc_roc": 0.9689943447258421,
        "inference_time": 7.009713888168335,
        "time_per_sample_ms": 9.485404449483537,
        "num_test_samples": 739
      },
      "training_time": 1894.9367175102234,
      "avg_epoch_time": 72.68383943117581,
      "final_val_loss": 0.2573356832120013
    }
  },
  "DenseNet169": {
    "0": {
      "seed": 51,
      "metrics": {
        "accuracy": 0.9296346414073072,
        "precision": 0.9543568464730291,
        "recall": 0.9387755102040817,
        "f1": 0.9465020576131689,
        "auc_roc": 0.9830997459224654,
        "inference_time": 7.227041006088257,
        "time_per_sample_ms": 9.779487153028764,
        "num_test_samples": 739
      },
      "training_time": 2336.640261411667,
      "avg_epoch_time": 77.55610117117564,
      "final_val_loss": 0.21014826205816675
    }
  }
}