{
  "ResNet18": {
    "0": {
      "seed": 51,
      "metrics": {
        "accuracy": 0.7587064676616916,
        "precision": 0.447098976109215,
        "recall": 0.5038461538461538,
        "f1": 0.47377938517179025,
        "auc_roc": 0.751618149292568,
        "inference_time": 2.6738195419311523,
        "time_per_sample_ms": 2.2170974642878543,
        "num_test_samples": 1206
      },
      "training_time": 406.1911277770996,
      "avg_epoch_time": 28.89773006098611,
      "final_val_loss": 0.5955372907613453
    }
  },
  "ResNet34": {
    "0": {
      "seed": 51,
      "metrics": {
        "accuracy": 0.6550580431177446,
        "precision": 0.35818181818181816,
        "recall": 0.7576923076923077,
        "f1": 0.4864197530864197,
        "auc_roc": 0.7497967149129939,
        "inference_time": 2.9317450523376465,
        "time_per_sample_ms": 2.4309660467144667,
        "num_test_samples": 1206
      },
      "training_time": 415.174533367157,
      "avg_epoch_time": 31.676514295431282,
      "final_val_loss": 0.5883962900230759
    }
  },
  "ResNet50": {
    "0": {
      "seed": 51,
      "metrics": {
        "accuracy": 0.7155887230514096,
        "precision": 0.36908517350157727,
        "recall": 0.45,
        "f1": 0.4055459272097054,
        "auc_roc": 0.6654537323141974,
        "inference_time": 3.0027549266815186,
        "time_per_sample_ms": 2.4898465395369143,
        "num_test_samples": 1206
      },
      "training_time": 432.7656259536743,
      "avg_epoch_time": 35.79426189263662,
      "final_val_loss": 0.6457663452938983
    }
  },
  "ResNet101": {
    "0": {
      "seed": 51,
      "metrics": {
        "accuracy": 0.7122719734660033,
        "precision": 0.3462897526501767,
        "recall": 0.3769230769230769,
        "f1": 0.36095764272559855,
        "auc_roc": 0.6487111725483818,
        "inference_time": 3.4081315994262695,
        "time_per_sample_ms": 2.8259797673517992,
        "num_test_samples": 1206
      },
      "training_time": 249.72500443458557,
      "avg_epoch_time": 41.36574403444926,
      "final_val_loss": 0.6487210894885816
    }
  },
  "DenseNet121": {
    "0": {
      "seed": 51,
      "metrics": {
        "accuracy": 0.6873963515754561,
        "precision": 0.3642691415313225,
        "recall": 0.6038461538461538,
        "f1": 0.4544138929088278,
        "auc_roc": 0.7049886160351276,
        "inference_time": 3.3856165409088135,
        "time_per_sample_ms": 2.807310564601006,
        "num_test_samples": 1206
      },
      "training_time": 316.6612844467163,
      "avg_epoch_time": 45.07215230805533,
      "final_val_loss": 0.6486489086558944
    }
  },
  "DenseNet169": {
    "0": {
      "seed": 51,
      "metrics": {
        "accuracy": 0.7728026533996684,
        "precision": 0.4700854700854701,
        "recall": 0.4230769230769231,
        "f1": 0.4453441295546559,
        "auc_roc": 0.7649170596845016,
        "inference_time": 3.6412174701690674,
        "time_per_sample_ms": 3.0192516336393593,
        "num_test_samples": 1206
      },
      "training_time": 749.1679863929749,
      "avg_epoch_time": 53.25832804611751,
      "final_val_loss": 0.6009578281327298
    }
  },
  "DenseNet201": {
    "0": {
      "seed": 51,
      "metrics": {
        "accuracy": 0.7504145936981758,
        "precision": 0.4127659574468085,
        "recall": 0.3730769230769231,
        "f1": 0.3919191919191919,
        "auc_roc": 0.7125182956578306,
        "inference_time": 3.9049508571624756,
        "time_per_sample_ms": 3.237936034131406,
        "num_test_samples": 1206
      },
      "training_time": 654.5187630653381,
      "avg_epoch_time": 59.19745553623546,
      "final_val_loss": 0.6299369911614218
    }
  },
  "ResNet50-ImageNet": {
    "0": {
      "seed": 51,
      "metrics": {
        "accuracy": 0.8043117744610282,
        "precision": 0.5319148936170213,
        "recall": 0.7692307692307693,
        "f1": 0.6289308176100629,
        "auc_roc": 0.8656326231907627,
        "inference_time": 2.9631640911102295,
        "time_per_sample_ms": 2.4570183176701734,
        "num_test_samples": 1206
      },
      "training_time": 814.2616608142853,
      "avg_epoch_time": 35.04150099339692,
      "final_val_loss": 0.4382286708998053
    }
  }
}