{
  "ResNet50-ImageNet": {
    "0": {
      "seed": 51,
      "metrics": {
        "accuracy": 0.9986468200270636,
        "precision": 0.9979633401221996,
        "recall": 1.0,
        "f1": 0.9989806320081549,
        "auc_roc": 0.9999344316039669,
        "inference_time": 6.85697078704834,
        "time_per_sample_ms": 9.278715544043761,
        "num_test_samples": 739
      },
      "training_time": 1859.552190542221,
      "avg_epoch_time": 66.15699724640164,
      "final_val_loss": 0.014312536885436784
    }
  }
}