{
  "ResNet18": {
    "0": {
      "seed": 51,
      "metrics": {
        "accuracy": 0.8944519621109608,
        "precision": 0.9345991561181435,
        "recall": 0.9040816326530612,
        "f1": 0.9190871369294605,
        "auc_roc": 0.9608556675682322,
        "inference_time": 6.591407775878906,
        "time_per_sample_ms": 8.919360995776598,
        "num_test_samples": 739
      },
      "training_time": 1387.75115609169,
      "avg_epoch_time": 62.86444514447992,
      "final_val_loss": 0.2982050968294448
    }
  },
  "ResNet34": {
    "0": {
      "seed": 51,
      "metrics": {
        "accuracy": 0.918809201623816,
        "precision": 0.9653679653679653,
        "recall": 0.9102040816326531,
        "f1": 0.9369747899159664,
        "auc_roc": 0.981370379477092,
        "inference_time": 6.814166307449341,
        "time_per_sample_ms": 9.220793379498431,
        "num_test_samples": 739
      },
      "training_time": 3169.2608954906464,
      "avg_epoch_time": 64.39764071970569,
      "final_val_loss": 0.22025005103267253
    }
  }
}