,RelevanceRankAccuracy,PositiveAttributionRatio
Saliency,0.3547250134222298,0.39674773812294006
IntegratedGradients,0.3453231926692466,0.3946492075920105
GradientShap,0.34280481768571486,0.38894107937812805
GradCAM,0.4846406520003852,0.4818277657032013
FeaturePermutation,0.34862233796505393,0.3907928928533022
