,RelevanceRankAccuracy,PositiveAttributionRatio
Saliency,0.17363012003828623,0.16774511337280273
IntegratedGradients,0.13970540405567086,0.1320170760154724
GradientShap,0.1367092770441101,0.12957170605659485
GradCAM,0.1629519007842496,0.1607729196548462
FeaturePermutation,0.19241173114791324,0.1768775352220912
