,RelevanceRankAccuracy,PositiveAttributionRatio
Saliency,0.33319580975405927,0.35617461800575256
IntegratedGradients,0.33169234060005925,0.36351943016052246
GradientShap,0.3313637504294175,0.36635535955429077
GradCAM,0.3439512025915817,0.3413119614124298
FeaturePermutation,0.3351798699615836,0.3618616450612118
