,RelevanceRankAccuracy,PositiveAttributionRatio
Saliency,0.17372345272224063,0.2154039740562439
IntegratedGradients,0.1271123492193803,0.13522379100322723
GradientShap,0.12681152460806533,0.13623927533626556
GradCAM,0.14554748857503885,0.15656478703022003
FeaturePermutation,0.2990520635868348,0.2656332128593342
