,RelevanceRankAccuracy,PositiveAttributionRatio
Saliency,0.18712252358640924,0.2237037867307663
IntegratedGradients,0.15790175668687284,0.18720220029354095
GradientShap,0.16293842841695905,0.19214366376399994
GradCAM,0.14592535747896052,0.13343767821788788
FeaturePermutation,0.17565152765154848,0.19452881933174196
