,RelevanceRankAccuracy,PositiveAttributionRatio
Saliency,0.3449529946542507,0.3742749094963074
IntegratedGradients,0.3489256319934113,0.40943777561187744
GradientShap,0.3465323507718827,0.40671631693840027
GradCAM,0.3451327037926389,0.33740925788879395
FeaturePermutation,0.31647194142075374,0.3638083401116397
