,RelevanceRankAccuracy,PositiveAttributionRatio
Saliency,0.17340167844517332,0.18212153017520905
IntegratedGradients,0.14657916655210168,0.1423567235469818
GradientShap,0.144368435317158,0.1406998187303543
GradCAM,0.09552324006409602,0.10985817760229111
FeaturePermutation,0.1719805179225148,0.16328518792291546
