,RelevanceRankAccuracy,PositiveAttributionRatio
Saliency,0.34979320394392055,0.3949517011642456
IntegratedGradients,0.3600734495451505,0.4104771018028259
GradientShap,0.35844034366800737,0.40694159269332886
GradCAM,0.37630926709274787,0.35797011852264404
FeaturePermutation,0.32404880272905684,0.3685816153182796
