,RelevanceRankAccuracy,PositiveAttributionRatio
Saliency,0.3402872949910504,0.39043524861335754
IntegratedGradients,0.33989048533449095,0.38242965936660767
GradientShap,0.338222377084022,0.3812567889690399
GradCAM,0.38957571076632846,0.38253501057624817
FeaturePermutation,0.3228521291610362,0.3609192060667242
