,RelevanceRankAccuracy,PositiveAttributionRatio
Saliency,0.14734848684984705,0.14160127937793732
IntegratedGradients,0.11672292482864888,0.09026361256837845
GradientShap,0.11096034767310868,0.08847915381193161
GradCAM,0.1914500157327395,0.15470947325229645
FeaturePermutation,0.15346497359963596,0.12938735467746174
