,RelevanceRankAccuracy,PositiveAttributionRatio
Saliency,0.3420485005278322,0.39119383692741394
IntegratedGradients,0.3373125726022831,0.38523608446121216
GradientShap,0.3355468646941338,0.38760679960250854
GradCAM,0.35917164421424064,0.345711350440979
FeaturePermutation,0.3298117885154834,0.40988831899098627
