,RelevanceRankAccuracy,PositiveAttributionRatio
Saliency,0.011930864057004947,0.013024124316871166
IntegratedGradients,0.006609885589106523,0.008023537695407867
GradientShap,0.005806895771145161,0.007550776470452547
GradCAM,0.007932473842728185,0.010722775012254715
FeaturePermutation,0.002765345335775761,0.003663669564250569
