,RelevanceRankAccuracy,PositiveAttributionRatio
Saliency,0.016134573270175295,0.015406304970383644
IntegratedGradients,0.01296873558298449,0.012627306394279003
GradientShap,0.01328599215320517,0.012275190092623234
GradCAM,0.02094068549321283,0.015496980398893356
FeaturePermutation,0.008654694906949596,0.012434658679154583
