,RelevanceRankAccuracy,PositiveAttributionRatio
Saliency,0.33451375259509136,0.35167038440704346
IntegratedGradients,0.3259977987802812,0.33899879455566406
GradientShap,0.32492052586846626,0.3350646495819092
GradCAM,0.3714742510183903,0.3531893789768219
FeaturePermutation,0.32886520375621336,0.3409931294872554
