,RelevanceRankAccuracy,PositiveAttributionRatio
Saliency,0.18182218402631334,0.18829545378684998
IntegratedGradients,0.14268812263673594,0.13067515194416046
GradientShap,0.1419129863564822,0.13004842400550842
GradCAM,0.12278647990767108,0.12393862009048462
FeaturePermutation,0.17161495236882246,0.17683551684306573
