,RelevanceRankAccuracy,PositiveAttributionRatio
Saliency,0.01755943137631981,0.014549591578543186
IntegratedGradients,0.007546828251990185,0.009208853356540203
GradientShap,0.007600219663128583,0.009706107899546623
GradCAM,0.010329039993936869,0.010437160730361938
FeaturePermutation,0.013409941503393587,0.00946265574112197
