,RelevanceRankAccuracy,PositiveAttributionRatio
Saliency,0.20287169081333098,0.2046920359134674
IntegratedGradients,0.16304251361119523,0.17041200399398804
GradientShap,0.1609736305825524,0.16707450151443481
GradCAM,0.20817078986844553,0.1916322261095047
FeaturePermutation,0.18536963104263138,0.1906187693682571
