,RelevanceRankAccuracy,PositiveAttributionRatio
Saliency,0.32467101742528615,0.34916234016418457
IntegratedGradients,0.3251379741805504,0.3495745062828064
GradientShap,0.32462780541356123,0.3497929275035858
GradCAM,0.3606309428362123,0.3388856053352356
FeaturePermutation,0.3202784124135691,0.33037062300001374
