{
  "ResNet18": {
    "0": {
      "seed": 51,
      "metrics": {
        "accuracy": 0.7587064676616916,
        "precision": 0.447098976109215,
        "recall": 0.5038461538461538,
        "f1": 0.47377938517179025,
        "auc_roc": 0.751618149292568,
        "inference_time": 2.6738195419311523,
        "time_per_sample_ms": 2.2170974642878543,
        "num_test_samples": 1206
      },
      "training_time": 406.1911277770996,
      "avg_epoch_time": 28.89773006098611,
      "final_val_loss": 0.5955372907613453
    },
    "1": {
      "seed": 92,
      "metrics": {
        "accuracy": 0.6898839137645107,
        "precision": 0.38095238095238093,
        "recall": 0.6245353159851301,
        "f1": 0.4732394366197183,
        "auc_roc": 0.714940905285793,
        "inference_time": 2.804603099822998,
        "time_per_sample_ms": 2.3255415421417895,
        "num_test_samples": 1206
      },
      "training_time": 291.7419147491455,
      "avg_epoch_time": 29.056417560577394,
      "final_val_loss": 0.6223704799225456
    },
    "2": {
      "seed": 14,
      "metrics": {
        "accuracy": 0.7570480928689884,
        "precision": 0.47044917257683216,
        "recall": 0.7425373134328358,
        "f1": 0.5759768451519537,
        "auc_roc": 0.8373404830856379,
        "inference_time": 2.779815435409546,
        "time_per_sample_ms": 2.3049879232251627,
        "num_test_samples": 1206
      },
      "training_time": 904.8550193309784,
      "avg_epoch_time": 29.048721244258264,
      "final_val_loss": 0.5018532589862221
    }
  },
  "ResNet34": {
    "0": {
      "seed": 51,
      "metrics": {
        "accuracy": 0.6550580431177446,
        "precision": 0.35818181818181816,
        "recall": 0.7576923076923077,
        "f1": 0.4864197530864197,
        "auc_roc": 0.7497967149129939,
        "inference_time": 2.9317450523376465,
        "time_per_sample_ms": 2.4309660467144667,
        "num_test_samples": 1206
      },
      "training_time": 415.174533367157,
      "avg_epoch_time": 31.676514295431282,
      "final_val_loss": 0.5883962900230759
    },
    "1": {
      "seed": 92,
      "metrics": {
        "accuracy": 0.6865671641791045,
        "precision": 0.3907815631262525,
        "recall": 0.724907063197026,
        "f1": 0.5078125,
        "auc_roc": 0.7521513332513401,
        "inference_time": 2.8684544563293457,
        "time_per_sample_ms": 2.3784862821968042,
        "num_test_samples": 1206
      },
      "training_time": 419.0576682090759,
      "avg_epoch_time": 31.958188185325035,
      "final_val_loss": 0.5881769998293174
    },
    "2": {
      "seed": 14,
      "metrics": {
        "accuracy": 0.7089552238805971,
        "precision": 0.4129979035639413,
        "recall": 0.7350746268656716,
        "f1": 0.5288590604026846,
        "auc_roc": 0.7952574547306113,
        "inference_time": 2.8711252212524414,
        "time_per_sample_ms": 2.3807008468096527,
        "num_test_samples": 1206
      },
      "training_time": 644.8446605205536,
      "avg_epoch_time": 31.964722633361816,
      "final_val_loss": 0.5354109645674103
    }
  },
  "ResNet50": {
    "0": {
      "seed": 51,
      "metrics": {
        "accuracy": 0.7155887230514096,
        "precision": 0.36908517350157727,
        "recall": 0.45,
        "f1": 0.4055459272097054,
        "auc_roc": 0.6654537323141974,
        "inference_time": 3.0027549266815186,
        "time_per_sample_ms": 2.4898465395369143,
        "num_test_samples": 1206
      },
      "training_time": 432.7656259536743,
      "avg_epoch_time": 35.79426189263662,
      "final_val_loss": 0.6457663452938983
    },
    "1": {
      "seed": 92,
      "metrics": {
        "accuracy": 0.6882255389718076,
        "precision": 0.3873684210526316,
        "recall": 0.6840148698884758,
        "f1": 0.4946236559139785,
        "auc_roc": 0.7460375397237882,
        "inference_time": 3.151488780975342,
        "time_per_sample_ms": 2.613174776928144,
        "num_test_samples": 1206
      },
      "training_time": 581.2177448272705,
      "avg_epoch_time": 36.042122945189476,
      "final_val_loss": 0.596813755600076
    },
    "2": {
      "seed": 14,
      "metrics": {
        "accuracy": 0.7006633499170812,
        "precision": 0.3863080684596577,
        "recall": 0.5895522388059702,
        "f1": 0.4667651403249631,
        "auc_roc": 0.714130573147058,
        "inference_time": 3.1096112728118896,
        "time_per_sample_ms": 2.578450474968399,
        "num_test_samples": 1206
      },
      "training_time": 576.2351272106171,
      "avg_epoch_time": 35.818185120821,
      "final_val_loss": 0.6261363547099265
    }
  },
  "ResNet101": {
    "0": {
      "seed": 51,
      "metrics": {
        "accuracy": 0.7122719734660033,
        "precision": 0.3462897526501767,
        "recall": 0.3769230769230769,
        "f1": 0.36095764272559855,
        "auc_roc": 0.6487111725483818,
        "inference_time": 3.4081315994262695,
        "time_per_sample_ms": 2.8259797673517992,
        "num_test_samples": 1206
      },
      "training_time": 249.72500443458557,
      "avg_epoch_time": 41.36574403444926,
      "final_val_loss": 0.6487210894885816
    },
    "1": {
      "seed": 92,
      "metrics": {
        "accuracy": 0.527363184079602,
        "precision": 0.2900976290097629,
        "recall": 0.7732342007434945,
        "f1": 0.4219066937119675,
        "auc_roc": 0.656338151103141,
        "inference_time": 3.3364152908325195,
        "time_per_sample_ms": 2.7665135081530012,
        "num_test_samples": 1206
      },
      "training_time": 251.87472581863403,
      "avg_epoch_time": 41.72143550713857,
      "final_val_loss": 0.660704011979856
    },
    "2": {
      "seed": 14,
      "metrics": {
        "accuracy": 0.6583747927031509,
        "precision": 0.32524271844660196,
        "recall": 0.5,
        "f1": 0.3941176470588235,
        "auc_roc": 0.6579853928650988,
        "inference_time": 3.4249846935272217,
        "time_per_sample_ms": 2.839954140569836,
        "num_test_samples": 1206
      },
      "training_time": 251.72258162498474,
      "avg_epoch_time": 41.69567251205444,
      "final_val_loss": 0.6722004543009558
    }
  },
  "DenseNet121": {
    "0": {
      "seed": 51,
      "metrics": {
        "accuracy": 0.6873963515754561,
        "precision": 0.3642691415313225,
        "recall": 0.6038461538461538,
        "f1": 0.4544138929088278,
        "auc_roc": 0.7049886160351276,
        "inference_time": 3.3856165409088135,
        "time_per_sample_ms": 2.807310564601006,
        "num_test_samples": 1206
      },
      "training_time": 316.6612844467163,
      "avg_epoch_time": 45.07215230805533,
      "final_val_loss": 0.6486489086558944
    },
    "1": {
      "seed": 92,
      "metrics": {
        "accuracy": 0.7255389718076285,
        "precision": 0.4351464435146444,
        "recall": 0.7732342007434945,
        "f1": 0.5568942436412316,
        "auc_roc": 0.8052592113563417,
        "inference_time": 3.4214558601379395,
        "time_per_sample_ms": 2.8370280763996183,
        "num_test_samples": 1206
      },
      "training_time": 814.9537580013275,
      "avg_epoch_time": 45.15297528107961,
      "final_val_loss": 0.551063649748501
    },
    "2": {
      "seed": 14,
      "metrics": {
        "accuracy": 0.753731343283582,
        "precision": 0.45892351274787535,
        "recall": 0.6044776119402985,
        "f1": 0.5217391304347826,
        "auc_roc": 0.7776151226808389,
        "inference_time": 3.519364833831787,
        "time_per_sample_ms": 2.9182129633762743,
        "num_test_samples": 1206
      },
      "training_time": 635.848194360733,
      "avg_epoch_time": 45.26010630811964,
      "final_val_loss": 0.5867206207231471
    }
  },
  "DenseNet169": {
    "0": {
      "seed": 51,
      "metrics": {
        "accuracy": 0.7728026533996684,
        "precision": 0.4700854700854701,
        "recall": 0.4230769230769231,
        "f1": 0.4453441295546559,