,RelevanceRankAccuracy,PositiveAttributionRatio
Saliency,0.20824305516037353,0.21772916615009308
IntegratedGradients,0.17069973995665166,0.17026731371879578
GradientShap,0.1693524614458162,0.1694212704896927
GradCAM,0.09657729688726509,0.1321963518857956
FeaturePermutation,0.2227036636131713,0.2055669408264271
