,RelevanceRankAccuracy,PositiveAttributionRatio
Saliency,0.3160997524872938,0.33083465695381165
IntegratedGradients,0.3114035965416012,0.34340545535087585
GradientShap,0.31288199573602654,0.34734946489334106
GradCAM,0.33645477347409325,0.3266674876213074
FeaturePermutation,0.30536477279853175,0.3268098392847108
