,RelevanceRankAccuracy,PositiveAttributionRatio
Saliency,0.16560220432624834,0.16906729340553284
IntegratedGradients,0.1253917473285851,0.12142441421747208
GradientShap,0.123968859534933,0.11884993314743042
GradCAM,0.1307971555062534,0.15776850283145905
FeaturePermutation,0.1696815787187419,0.15930284044069795
