,RelevanceRankAccuracy,PositiveAttributionRatio
Saliency,0.18633249452760026,0.1920255720615387
IntegratedGradients,0.15927273297194597,0.1586003452539444
GradientShap,0.15398822355025116,0.1500326544046402
GradCAM,0.22594926756551345,0.17858341336250305
FeaturePermutation,0.2172000617115061,0.20594455138276316
