,RelevanceRankAccuracy,PositiveAttributionRatio
Saliency,0.19858479889386715,0.21053993701934814
IntegratedGradients,0.17544009277963163,0.1727691888809204
GradientShap,0.16620563737549063,0.1617847979068756
GradCAM,0.1367912943422388,0.1540478765964508
FeaturePermutation,0.20060243154895882,0.20172117045653995
