,RelevanceRankAccuracy,PositiveAttributionRatio
Saliency,0.3175750165940091,0.3393913507461548
IntegratedGradients,0.31931023359169053,0.34800833463668823
GradientShap,0.31777650589371337,0.3476789891719818
GradCAM,0.3439188486113766,0.3273276388645172
FeaturePermutation,0.3063529597075657,0.3229147620819697
