,RelevanceRankAccuracy,PositiveAttributionRatio
Saliency,0.21108744765681856,0.2110762745141983
IntegratedGradients,0.17061966604535186,0.17595919966697693
GradientShap,0.1692186884873169,0.17552541196346283
GradCAM,0.2251517214736834,0.202342227101326
FeaturePermutation,0.1865398776219564,0.1940281095124059
