,RelevanceRankAccuracy,PositiveAttributionRatio
Saliency,0.32807385230687514,0.38310161232948303
IntegratedGradients,0.33440227051775195,0.3941003382205963
GradientShap,0.332615512236369,0.3937655985355377
GradCAM,0.3839317621870035,0.3619939386844635
FeaturePermutation,0.2792423467569753,0.3264396601410254
