,RelevanceRankAccuracy,PositiveAttributionRatio
Saliency,0.3146778479169069,0.3288056552410126
IntegratedGradients,0.3135411813583392,0.332322359085083
GradientShap,0.31296669077042927,0.32901450991630554
GradCAM,0.30916652106584847,0.29356488585472107
FeaturePermutation,0.3108621198625926,0.32376007597265
