,RelevanceRankAccuracy,PositiveAttributionRatio
Saliency,0.13461835701411387,0.14374738931655884
IntegratedGradients,0.10553829717795014,0.10078749060630798
GradientShap,0.10634071142529779,0.10139402747154236
GradCAM,0.07400731175237463,0.08524353802204132
FeaturePermutation,0.2153912042959391,0.21187133987230755
