,RelevanceRankAccuracy,PositiveAttributionRatio
Saliency,0.1895187460014916,0.18514564633369446
IntegratedGradients,0.15214597649819833,0.15259847044944763
GradientShap,0.1493555158134429,0.14841274917125702
GradCAM,0.19619164851342483,0.18562038242816925
FeaturePermutation,0.22393475880696695,0.20681194008141415
