,RelevanceRankAccuracy,PositiveAttributionRatio
Saliency,0.02030630355790721,0.01676446571946144
IntegratedGradients,0.014637581635815397,0.0128875020891428
GradientShap,0.01091561328008912,0.01158330962061882
GradCAM,0.01100235365758972,0.01384175755083561
FeaturePermutation,0.011748705226186103,0.011747838478556549
