,RelevanceRankAccuracy,PositiveAttributionRatio
Saliency,0.3226085854814717,0.3668944537639618
IntegratedGradients,0.3142112035632076,0.35367026925086975
GradientShap,0.311429262551343,0.3423885405063629
GradCAM,0.2906959274548132,0.28764674067497253
FeaturePermutation,0.288001239336411,0.33771946788902324
