,RelevanceRankAccuracy,PositiveAttributionRatio
Saliency,0.3405184486894106,0.3832051157951355
IntegratedGradients,0.3310264991386711,0.3841814398765564
GradientShap,0.3291440423002744,0.38112640380859375
GradCAM,0.45095640068732,0.44019410014152527
FeaturePermutation,0.3486954916712067,0.37780719812421
