,RelevanceRankAccuracy,PositiveAttributionRatio
Saliency,0.12892897026752692,0.13151484727859497
IntegratedGradients,0.09538901628724851,0.08848094940185547
GradientShap,0.0963637516844527,0.0859389528632164
GradCAM,0.17901656234697352,0.17478840053081512
FeaturePermutation,0.1640882914047881,0.14576865066785125
