,RelevanceRankAccuracy,PositiveAttributionRatio
Saliency,0.3139139479095468,0.34371116757392883
IntegratedGradients,0.31754597336345003,0.356538861989975
GradientShap,0.3174370814558695,0.35974830389022827
GradCAM,0.30604527103742407,0.2990610599517822
FeaturePermutation,0.3139589419077071,0.341545505661082
