,RelevanceRankAccuracy,PositiveAttributionRatio
Saliency,0.19001482750670845,0.19238418340682983
IntegratedGradients,0.14087907162638488,0.13378125429153442
GradientShap,0.13906872044658308,0.13037845492362976
GradCAM,0.19593690188249918,0.1733647882938385
FeaturePermutation,0.17732502115413426,0.178790435923799
