,RelevanceRankAccuracy,PositiveAttributionRatio
Saliency,0.33429847351784336,0.35031357407569885
IntegratedGradients,0.3274449308142133,0.36910468339920044
GradientShap,0.32609762841024853,0.36984097957611084
GradCAM,0.27745674908621426,0.2826172113418579
FeaturePermutation,0.3248938428907492,0.3357262638651423
